Name,Total Time,Cook Time,Prep Time
['Slovak Stuffed Cabbage'],['2 h'],['1 h 30 m'],['30 m'],|['1 pound ground beef', '1 pound ground pork', '1 onion, chopped', '1 teaspoon salt', 'black pepper to taste', '1 teaspoon chopped fresh parsley', '1/2 cup cooked brown rice', '1 1/4 teaspoons garlic salt', '2 (10.75 ounce) cans condensed tomato soup', '27 ounces sauerkraut, drained', '1 (29 ounce) can diced tomatoes', '1 medium head cabbage', '5 slices bacon', '2 tablespoons white sugar', '3 cups water']|,|['Preheat oven to 350 degrees F (175 degrees C). Bring a pot of water to a boil.', 'Mix beef and pork together.  Stir in onion, cooked rice, parsley, salt, pepper, garlic salt and 1/2 can of tomato soup. Mix well.', 'Core head of cabbage, place in boiling water and boil until partly cooked. Separate leaves and trim stems. Reserve about 24 to 32 whole leaves. Cut remaining leaves and line the bottom of  large roasting pan.', 'Lightly pack a small handful of the meat mixture and place in the center of a cabbage leaf. Fold top part of leaf over mixture, then fold in the sides and roll until mixture is completely encased.  Lay rolls on top of torn cabbage leaves in pan. Place sauerkraut evenly over rolls. Lay bacon on top of sauerkraut. Sprinkle with 1 to 2 tablespoons of sugar. Mix chopped tomatoes and soup with water and pour over rolls. Add additional water to reach top of cabbage rolls.', 'Bake at 350 degrees F (175 degrees C) for 1 1/2 hours or until cooked through.']|
['Chicago-Inspired Italian Beef Sandwich '],['1 h 25 m'],['1 h 10 m'],['15 m'],|['1 1/2 pounds boneless beef chuck, cut into 2-inch pieces', 'salt and ground black pepper to taste', '1 tablespoon vegetable oil', '6 cloves garlic, sliced', '2 tablespoons white vinegar', '1 tablespoon dried oregano', '1 1/2 teaspoons salt, or to taste', '1 teaspoon dried thyme', '1 teaspoon dried rosemary', '1 teaspoon freshly ground black pepper', '1 bay leaf', '1/4 teaspoon red pepper flakes, or to taste', '3 cups chicken broth, or as needed', '4 ciabatta rolls, sliced in half', '1 cup chopped giardiniera (pickled Italian vegetables)', '2 teaspoons chopped fresh flat-leaf parsley']|,|['Season beef with a pinch of salt and black pepper. Heat vegetable oil in a heavy pot over high heat. Cook and stir beef in hot oil until browned, 5 to 8 minutes.', 'Stir garlic, vinegar, oregano, 1 1/2 teaspoons salt, thyme, rosemary, 1 teaspoon black pepper, bay leaf, and red pepper flakes into beef. Pour enough chicken broth into beef mixture to cover the meat by 1 inch and bring to a simmer.', 'Cover pot with a lid, reduce heat to low, and simmer until meat is fork-tender, 1 to 1 1/2 hours.', 'Transfer meat with a strainer or slotted spoon to a separate pot; pour about 1/4 cup of meat broth into pot. Use a wooden spoon to gently break meat into smaller chunks. Cover pot with a lid or aluminum foil and keep warm.', 'Skim excess grease from top of broth remaining in the first pot; season with salt and pepper to taste. Cover pot with a lid or aluminum foil and keep broth warm.', 'Lay halves of a roll out on a work surface and spoon 2 to 3 tablespoons meat broth over each half. Top bottom half of roll with a generous portion of meat and a spoonful of pickled vegetables. Place tops on sandwich. Repeat with remaining buns, broth, meat, and pickled vegetables to make 3 more sandwiches.', 'Spoon hot meat broth into ramekins and top each ramekin with 1/2 teaspoon parsley. Serve sandwiches with hot broth for dipping.']|
['The Real Deal Korean Beef Ribs'],['1 d 1 h 30 m'],['15 m'],['15 m'],|['4 pounds Korean-style short ribs (beef chuck flanken, cut 1/3 to 1/2 inch thick across bones)', '1/2 cup reduced-sodium soy sauce', '1/2 cup white sugar', '2 tablespoons honey', '2 tablespoons minced garlic', '2 tablespoons ground black pepper', '3 tablespoons water', '1 tablespoon Asian (toasted) sesame oil', '1 1/2 tablespoons Asian plum wine']|,|['Wash the ribs, removing any stray bits of bone, and allow to drain for 30 minutes.', 'Whisk together the soy sauce, sugar, honey, garlic, pepper, water, sesame oil, and plum wine until the sugar has dissolved; pour the mixture into a 1 gallon plastic zipper bag. Place the ribs into the marinade, squeeze all the air out of the bag, zip it up, and refrigerate at least 24 hours.', 'The next day, remove the ribs from the refrigerator and allow to come to room temperature before grilling.  Remove the ribs from the marinade and discard the marinade.', 'Preheat an outdoor grill for medium-high heat, and lightly oil the grate. Grill the ribs until browned and no longer pink inside, 4 to 6 minutes per side.']|
["Abuela's Picadillo"],['1 h 22 m'],['1 h 7 m'],['15 m'],|['2 pounds lean ground beef', '1/4 cup olive oil', '1/2 onion, chopped', '1/2 green bell pepper, chopped', '2 tablespoons minced garlic', '2 (8 ounce) cans tomato sauce', '2 cups water', '1/2 cup red cooking wine', '3 tablespoons hot sauce (such as Louisiana®)', '1 (1.41 ounce) package sazon seasoning (such as Badia® Tropical®)', '1 tablespoon chopped fresh parsley', '1/2 teaspoon garlic powder', '1/2 teaspoon onion powder', '1/2 teaspoon ground cumin', '1/2 teaspoon ground black pepper', '1/4 teaspoon ground bay leaf', '3 ounces Spanish-style olives', '1 teaspoon salt, or to taste', '1 small butternut squash, peeled and cut into cubes']|,|['Cook and stir ground beef in a large stockpot until browned, 5 to 10 minutes. Drain grease.', 'Heat olive oil in small skillet over medium heat. Add onion, green bell pepper, and garlic; cook and stir until fragrant, 2 to 3 minutes. Stir into beef in the stockpot.', 'Pour tomato sauce, water, cooking wine, and hot sauce into the stockpot. Stir in sazon seasoning, parsley, garlic powder, onion powder, cumin, pepper, and bay leaf. Bring to a boil; reduce heat to low and simmer picadillo, uncovered, until slightly thickened, about 10 minutes.', 'Split olives in half with your fingers and stir into the picadillo. Add squash. Simmer until liquid reduces but picadillo is not dry, 45 to 60 minutes. Season with salt.']|
['Beerbecue Beef Flank Steak'],['8 h 25 m'],['15 m'],['10 m'],|['1/2 cup ketchup', '1/4 cup molasses', '1/3 cup white vinegar', '1 tablespoon white sugar', '2 teaspoons ground black pepper', '1 teaspoon salt', '1/4 teaspoon ground cayenne pepper', '1/4 teaspoon ground cumin', '1/4 teaspoon ground allspice', '1/4 teaspoon ground cinnamon', '1 cup strong beer', '1 (1 1/2-pound) trimmed beef flank steak', 'salt and ground black pepper to taste']|,|['Pour ketchup, molasses, and white vinegar in a bowl; add white sugar, 2 teaspoons black pepper, 1 teaspoon salt, cayenne pepper, cumin, allspice, and cinnamon. Whisk until sauce is smooth. Pour in beer.', 'Place flank steak into a non-reactive container; pour sauce over meat. Poke at least 100 holes per side in the flank steak using 2 forks.', 'Cover container with plastic wrap and marinate beef 8 to 12 hours (up to overnight).', 'Remove flank steak  from marinade and pat the meat dry with paper towels. Pour leftover marinade into a saucepan, place over medium heat, and bring to a boil. Reduce heat to low and simmer for 5 minutes to make a basting sauce.', 'Preheat an outdoor grill for high heat and lightly oil the grate. Season flank steak with salt and black pepper.', 'Grill flank steak for 2 1/2  minutes; turn meat around on grate to a 45-degree angle to make diamond  grill marks; grill for 2 1/2 more minutes. Repeat on second side, turning meat 45 degrees after 2 1/2 minutes and grilling 2 1/2 more minutes.', 'Flip steak to original side and paint meat with sauce. Continue to grill until sauce has glazed onto the meat, about 30 seconds. Turn meat over and brush other side with sauce. Sauce will burn if cooked too long. Repeat 1 more time, brushing and glazing sauce onto meat for about 30 seconds on each side. An instant-read meat thermometer, inserted into the thickest part of the flank steak, should read 125 degrees F (52 degrees C).', 'Transfer steak to a platter and let rest 5 to 10 minutes before slicing lengthwise down the center; cut each half across  the grain into slices about 3/8 inch thick. Drizzle slices with more sauce to serve.']|
['Spaghetti Squash Casserole in the Shell'],['1 h 51 m'],['1 h 19 m'],['25 m'],|['1 spaghetti squash, halved and seeded', '1 pound lean ground beef', '1/2 cup finely chopped onion', '1/2 cup minced bell pepper', '1 clove garlic, minced', '1 teaspoon dried basil', '1 teaspoon dried oregano', '1/2 teaspoon salt', '1/4 teaspoon ground black pepper', '1 (14.5 ounce) can diced tomatoes, drained', '1/3 cup shredded Cheddar cheese']|,|['Preheat oven to 375 degrees F (190 degrees C). Place squash in baking pan; pour in enough boiling water to come 1/2-inch up the sides of dish.', 'Bake in the preheated oven until squash is tender, 40 to 45 minutes. Remove from oven; cool until easily handled, 7 to 10 minutes.', 'Reduce oven to 350 degrees F (175 degrees C). Scoop out squash; separate strands with a fork. Reserve shells.', 'Cook beef, onion, and bell pepper in a skillet over medium heat until the meat is no longer pink, about 5 minutes; drain. Stir in garlic, basil, oregano, salt, and pepper; cook and stir until fragrant, about 2 minutes. Add tomatoes and cook until warmed through, about 2 minutes. Stir in squash; cook until liquid has evaporated, about 10 minutes.', 'Fill squash shells with squash mixture using a slotted spoon; place in a shallow baking pan.', 'Bake in the preheated oven until flavors combine, about 15 minutes. Sprinkle with Cheddar cheese; bake until cheese is melted, about 5 minutes.']|
['Cheeseburger Meatloaf '],['1 h 20 m'],['1 h'],['20 m'],|['2 pounds ground beef', '3/4 cup fresh bread crumbs', '1/2 cup minced onion', '2 eggs, beaten', '1 1/2 teaspoons salt', '1 1/2 teaspoons ground black pepper', '3 cups shredded Cheddar cheese']|,|['Preheat oven to 350 degrees F (175 degrees C).', 'In a large bowl, combine the beef, bread crumbs, onion, eggs, salt and pepper, and mix well. Pat out meat mixture into a 14x18 inch rectangle on a piece of wax paper. Spread cheese over the meat, leaving a 3/4 inch border around the edges. Roll up jelly roll fashion to enclose the filling and form a pinwheel loaf. Press beef in on both ends to enclose the cheese. Place in a 10x15 inch baking dish.', 'Bake in the preheated oven 1 hour, or until internal temperature reaches 160 degrees F (70 degrees C).']|
['Kofta Kebabs'],['1 h 20 m'],['5 m'],['45 m'],|['4 cloves garlic, minced', '1 teaspoon kosher salt', '1 pound ground lamb', '3 tablespoons grated onion', '3 tablespoons chopped fresh parsley', '1 tablespoon ground coriander', '1 teaspoon ground cumin', '1/2 tablespoon ground cinnamon', '1/2 teaspoon ground allspice', '1/4 teaspoon cayenne pepper', '1/4 teaspoon ground ginger', '1/4 teaspoon ground black pepper', '28 bamboo skewers, soaked in water for 30 minutes']|,|["Mash the garlic into a paste with the salt using a mortar and pestle or the flat side of a chef's knife on your cutting board. Mix the garlic into the lamb along with the onion, parsley, coriander, cumin, cinnamon, allspice, cayenne pepper, ginger, and pepper in a mixing bowl until well blended. Form the mixture into 28 balls. Form each ball around the tip of a skewer, flattening into a 2 inch oval; repeat with the remaining skewers. Place the kebabs onto a baking sheet, cover, and refrigerate at least 30 minutes, or up to 12 hours.", 'Preheat an outdoor grill for medium heat, and lightly oil grate.', 'Cook the skewers on the preheated grill, turning occasionally, until the lamb has cooked to your desired degree of doneness, about 6 minutes for medium.']|
["World's Best Lasagna"],['3 h 15 m'],['2 h 30 m'],['30 m'],|['1 pound sweet Italian sausage', '3/4 pound lean ground beef', '1/2 cup minced onion', '2 cloves garlic, crushed', '1 (28 ounce) can crushed tomatoes', '2 (6 ounce) cans tomato paste', '2 (6.5 ounce) cans canned tomato sauce', '1/2 cup water', '2 tablespoons white sugar', '1 1/2 teaspoons dried basil leaves', '1/2 teaspoon fennel seeds', '1 teaspoon Italian seasoning', '1 tablespoon salt', '1/4 teaspoon ground black pepper', '4 tablespoons chopped fresh parsley', '12 lasagna noodles', '16 ounces ricotta cheese', '1 egg', '1/2 teaspoon salt', '3/4 pound mozzarella cheese, sliced', '3/4 cup grated Parmesan cheese']|,|['In a Dutch oven, cook sausage, ground beef, onion, and garlic over medium heat until well browned. Stir in crushed tomatoes, tomato paste, tomato sauce, and water. Season with sugar, basil, fennel seeds, Italian seasoning, 1 tablespoon salt, pepper, and 2 tablespoons parsley. Simmer, covered, for about 1 1/2 hours, stirring occasionally.', 'Bring a large pot of lightly salted water to a boil. Cook lasagna noodles in boiling water for 8 to 10 minutes. Drain noodles, and rinse with cold water.  In a mixing bowl, combine ricotta cheese with egg, remaining parsley, and 1/2 teaspoon salt.', 'Preheat oven to 375  degrees F (190 degrees C).', 'To assemble, spread 1 1/2 cups of meat sauce in the bottom of a 9x13 inch baking dish.  Arrange 6 noodles lengthwise over meat sauce. Spread with one half of the ricotta cheese mixture. Top with a third of mozzarella cheese slices. Spoon 1 1/2 cups meat sauce over mozzarella, and sprinkle with 1/4 cup Parmesan cheese.  Repeat layers, and top with remaining mozzarella and Parmesan cheese. Cover with foil: to prevent sticking, either spray foil with cooking spray, or make sure the foil does not touch the cheese.', 'Bake in preheated oven for 25 minutes. Remove foil, and bake an additional 25 minutes. Cool for 15 minutes before serving.']|
['Awesome Slow Cooker Pot Roast'],['8 h 10 m'],['8 h'],['10 m'],|['2 (10.75 ounce) cans condensed cream of mushroom soup', '1 (1 ounce) package dry onion soup mix', '1 1/4 cups water', '5 1/2 pounds pot roast']|,|['In a slow cooker, mix cream of mushroom soup, dry onion soup mix and water. Place pot roast in slow cooker and coat with soup mixture.', 'Cook on High setting for 3 to 4 hours, or on Low setting for 8 to 9 hours.']|
['Brown Sugar Meatloaf'],['1 h 30 m'],['1 h'],['20 m'],|['1/2 cup packed brown sugar', '1/2 cup ketchup', '1 1/2 pounds lean ground beef', '3/4 cup milk', '2 eggs', '1 1/2 teaspoons salt', '1/4 teaspoon ground black pepper', '1 small onion, chopped', '1/4 teaspoon ground ginger', '3/4 cup finely crushed saltine cracker crumbs']|,|['Preheat oven to 350 degrees F (175 degrees C). Lightly grease a 5x9 inch loaf pan.', 'Press the brown sugar in the bottom of the prepared loaf pan and spread the ketchup over the sugar.', 'In a mixing bowl, mix thoroughly all remaining ingredients and shape into a loaf. Place on top of the ketchup.', 'Bake in preheated oven for 1 hour or until juices are clear.']|
['Baked Ziti I'],['55 m'],['35 m'],['20 m'],|['1 pound dry ziti pasta', '1 onion, chopped', '1 pound lean ground beef', '2 (26 ounce) jars spaghetti sauce', '6 ounces provolone cheese, sliced', '1 1/2 cups sour cream', '6 ounces mozzarella cheese, shredded', '2 tablespoons grated Parmesan cheese']|,|['Bring a large pot of lightly salted water to a boil. Add ziti pasta, and cook until al dente, about 8 minutes; drain.', 'In a large skillet, brown onion and ground beef over medium heat. Add spaghetti sauce, and simmer 15 minutes.', 'Preheat the oven to 350 degrees F (175 degrees C). Butter a 9x13 inch baking dish. Layer as follows: 1/2 of the ziti, Provolone cheese, sour cream, 1/2 sauce mixture, remaining ziti, mozzarella cheese and remaining sauce mixture. Top with grated Parmesan cheese.', 'Bake for 30 minutes in the preheated oven, or until cheeses are melted.']|
['Sloppy Joes II'],['40 m'],['30 m'],['10 m'],|['1 pound lean ground beef', '1/4 cup chopped onion', '1/4 cup chopped green bell pepper', '1/2 teaspoon garlic powder', '1 teaspoon prepared yellow mustard', '3/4 cup ketchup', '3 teaspoons brown sugar', 'salt to taste', 'ground black pepper to taste']|,|['In a medium skillet over medium heat, brown the ground beef, onion, and green pepper; drain off liquids.', 'Stir in the garlic powder, mustard, ketchup, and brown sugar; mix thoroughly. Reduce heat, and simmer for 30 minutes. Season with salt and pepper.']|
['Boilermaker Tailgate Chili'],['2 h 30 m'],['2 h'],['30 m'],|['2 pounds ground beef chuck', '1 pound bulk Italian sausage', '3 (15 ounce) cans chili beans, drained', '1 (15 ounce) can chili beans in spicy sauce', '2 (28 ounce) cans diced tomatoes with juice', '1 (6 ounce) can tomato paste', '1 large yellow onion, chopped', '3 stalks celery, chopped', '1 green bell pepper, seeded and chopped', '1 red bell pepper, seeded and chopped', '2 green chile peppers, seeded and chopped', '1 tablespoon bacon bits', '4 cubes beef bouillon', '1/2 cup beer', '1/4 cup chili powder', '1 tablespoon Worcestershire sauce', '1 tablespoon minced garlic', '1 tablespoon dried oregano', '2 teaspoons ground cumin', '2 teaspoons hot pepper sauce (e.g. Tabasco™)', '1 teaspoon dried basil', '1 teaspoon salt', '1 teaspoon ground black pepper', '1 teaspoon cayenne pepper', '1 teaspoon paprika', '1 teaspoon white sugar', '1 (10.5 ounce) bag corn chips such as Fritos®', '1 (8 ounce) package shredded Cheddar cheese']|,|['Heat a large stock pot over medium-high heat. Crumble the ground chuck and sausage into the hot pan, and cook until evenly browned. Drain off excess grease.', 'Pour in the chili beans, spicy chili beans, diced tomatoes and tomato paste. Add the onion, celery, green and red bell peppers, chile peppers, bacon bits, bouillon, and beer. Season with chili powder, Worcestershire sauce, garlic, oregano, cumin, hot pepper sauce, basil, salt, pepper, cayenne, paprika, and sugar. Stir to blend, then cover and simmer over low heat for at least 2 hours, stirring occasionally.', 'After 2 hours, taste, and adjust salt, pepper, and chili powder if necessary. The longer the chili simmers, the better it will taste. Remove from heat and serve, or refrigerate, and serve the next day.', 'To serve, ladle into bowls, and top with corn chips and shredded Cheddar cheese.']|
['Easy Meatloaf'],['1 h 10 m'],['1 h'],['10 m'],|['1 1/2 pounds ground beef', '1 egg', '1 onion, chopped', '1 cup milk', '1 cup dried bread crumbs', 'salt and pepper to taste', '2 tablespoons brown sugar', '2 tablespoons prepared mustard', '1/3 cup ketchup']|,|['Preheat oven to 350 degrees F (175 degrees C).', 'In a large bowl, combine the beef, egg, onion, milk and bread OR cracker crumbs. Season with salt and pepper to taste and place in a lightly greased 5x9 inch loaf pan, OR form into a loaf and place in a lightly greased 9x13 inch baking dish.', 'In a separate small bowl, combine the brown sugar, mustard and ketchup. Mix well and pour over the meatloaf.', 'Bake at 350 degrees F (175 degrees C) for 1 hour.']|
['Slow Cooker Beef Stew I'],['12 h 20 m'],['12 h'],['20 m'],|['2 pounds beef stew meat, cut into 1 inch cubes', '1/4 cup all-purpose flour', '1/2 teaspoon salt', '1/2 teaspoon ground black pepper', '1 clove garlic, minced', '1 bay leaf', '1 teaspoon paprika', '1 teaspoon Worcestershire sauce', '1 onion, chopped', '1 1/2 cups beef broth', '3 potatoes, diced', '4 carrots, sliced', '1 stalk celery, chopped']|,|['Place meat in slow cooker. In a small bowl mix together the flour, salt, and pepper; pour over meat, and stir to coat meat with flour mixture. Stir in the garlic, bay leaf, paprika, Worcestershire sauce, onion, beef broth, potatoes, carrots, and celery.', 'Cover, and cook on Low setting for 10 to 12 hours, or on High setting for 4 to 6 hours.']|
['Slow Cooker Beef Stroganoff I'],['8 h 10 m'],['8 h'],['10 m'],|['1 pound cubed beef stew meat', '1 (10.75 ounce) can condensed golden mushroom soup', '1/2 cup chopped onion', '1 tablespoon Worcestershire sauce', '1/4 cup water', '4 ounces cream cheese']|,|['In a slow cooker, combine the meat, soup, onion, Worcestershire sauce and water.', 'Cook on Low setting for 8 hours, or on High setting for about 5 hours. Stir in cream cheese just before serving.']|
['Salisbury Steak'],['40 m'],['20 m'],['20 m'],|['1 (10.5 ounce) can condensed French onion soup', '1 1/2 pounds ground beef', '1/2 cup dry bread crumbs', '1 egg', '1/4 teaspoon salt', '1/8 teaspoon ground black pepper', '1 tablespoon all-purpose flour', '1/4 cup ketchup', '1/4 cup water', '1 tablespoon Worcestershire sauce', '1/2 teaspoon mustard powder']|,|['In a large bowl, mix together 1/3 cup condensed French onion soup with ground beef, bread crumbs, egg, salt and black pepper. Shape into 6 oval patties.', 'In a large skillet over medium-high heat, brown both sides of patties. Pour off excess fat.', 'In a small bowl, blend flour and remaining soup until smooth. Mix in ketchup, water, Worcestershire sauce and mustard powder. Pour over meat in skillet. Cover, and cook for 20 minutes, stirring occasionally.']|
['Easy Slow Cooker French Dip'],['7 h 10 m'],['7 h'],['10 m'],|['4 pounds rump roast', '1 (10.5 ounce) can beef broth', '1 (10.5 ounce) can condensed French onion soup', '1 (12 fluid ounce) can or bottle beer', '6 French rolls', '2 tablespoons butter']|,|['Trim excess fat from the rump roast, and place in a slow cooker. Add the beef broth, onion soup and beer. Cook on Low setting for 7 hours.', 'Preheat oven to 350 degrees F (175 degrees C).', 'Split French rolls, and spread with butter. Bake 10 minutes, or until heated through.', 'Slice the meat on the diagonal, and place on the rolls. Serve the sauce for dipping.']|
['Burrito Pie'],['1 h'],['30 m'],['30 m'],|['2 pounds ground beef', '1 onion, chopped', '2 teaspoons minced garlic', '1 (2 ounce) can black olives, sliced', '1 (4 ounce) can diced green chili peppers', '1 (10 ounce) can diced tomatoes with green chile peppers', '1 (16 ounce) jar taco sauce', '2 (16 ounce) cans refried beans', '12 (8 inch) flour tortillas', '9 ounces shredded Colby cheese']|,|['Preheat oven to 350 degrees F (175 degrees C).', 'In a large skillet over medium heat, saute the ground beef for 5 minutes. Add the onion and garlic, and saute for 5 more minutes. Drain any excess fat, if desired. Mix in the olives, green chile peppers, tomatoes with green chile peppers, taco sauce and refried beans. Stir mixture thoroughly, reduce heat to low, and let simmer for 15 to 20 minutes.', 'Spread a thin layer of the meat mixture in the bottom of a 4 quart casserole dish. Cover with a layer of tortillas followed by more meat mixture, then a layer of cheese. Repeat tortilla, meat, cheese pattern until all the tortillas are used, topping off with a layer of meat mixture and cheese.', 'Bake for 20 to 30 minutes in the preheated oven, or until cheese is slightly brown and bubbly.']|
['Meatball Nirvana'],['40 m'],['20 m'],['20 m'],|['1 pound extra lean ground beef', '1/2 teaspoon sea salt', '1 small onion, diced', '1/2 teaspoon garlic salt', '1 1/2 teaspoons Italian seasoning', '3/4 teaspoon dried oregano', '3/4 teaspoon crushed red pepper flakes', "1 dash hot pepper sauce (such as Frank's RedHot®), or to taste", '1 1/2 tablespoons Worcestershire sauce', '1/3 cup skim milk', '1/4 cup grated Parmesan cheese', '1/2 cup seasoned bread crumbs']|,|['Preheat an oven to 400 degrees F (200 degrees C).', 'Place the beef into a mixing bowl, and season with salt, onion, garlic salt, Italian seasoning, oregano, red pepper flakes, hot pepper sauce, and Worcestershire sauce; mix well. Add the milk, Parmesan cheese, and bread crumbs. Mix until evenly blended, then form into 1 1/2-inch meatballs, and place onto a baking sheet.', 'Bake in the preheated oven until no longer pink in the center, 20 to 25 minutes.']|
['Italian Spaghetti Sauce with Meatballs'],['2 h 20 m'],['2 h'],['20 m'],|['MEATBALLS', '1 pound lean ground beef', '1 cup fresh bread crumbs', '1 tablespoon dried parsley', '1 tablespoon grated Parmesan cheese', '1/4 teaspoon ground black pepper', '1/8 teaspoon garlic powder', '1 egg, beaten', 'SAUCE', '3/4 cup chopped onion', '5 cloves garlic, minced', '1/4 cup olive oil', '2 (28 ounce) cans whole peeled tomatoes', '2 teaspoons salt', '1 teaspoon white sugar', '1 bay leaf', '1 (6 ounce) can tomato paste', '3/4 teaspoon dried basil', '1/2 teaspoon ground black pepper']|,|['In a large bowl, combine ground beef, bread crumbs, parsley, Parmesan, 1/4 teaspoon black pepper, garlic powder and beaten egg.  Mix well and form into 12 balls.  Store, covered, in refrigerator until needed.', 'In a large saucepan over medium heat, saute onion and garlic in olive oil until onion is translucent.  Stir in tomatoes, salt, sugar and bay leaf.  Cover, reduce heat to low, and simmer 90 minutes.  Stir in tomato paste, basil, 1/2 teaspoon pepper and meatballs and simmer 30 minutes more.  Serve.']|
['Slow-Cooker Pepper Steak'],['4 h 30 m'],['4 h 10 m'],['20 m'],|['2 pounds beef sirloin, cut into 2 inch strips', 'garlic powder to taste', '3 tablespoons vegetable oil', '1 cube beef bouillon', '1/4 cup hot water', '1 tablespoon cornstarch', '1/2 cup chopped onion', '2 large green bell peppers, roughly chopped', '1 (14.5 ounce) can stewed tomatoes, with liquid', '3 tablespoons soy sauce', '1 teaspoon white sugar', '1 teaspoon salt']|,|['Sprinkle strips of sirloin with garlic powder to taste. In a large skillet over medium heat, heat the vegetable oil and brown the seasoned beef strips. Transfer to a slow cooker.', 'Mix bouillon cube with hot water until dissolved, then mix in cornstarch until dissolved. Pour into the slow cooker with meat. Stir in onion, green peppers, stewed tomatoes, soy sauce, sugar, and salt.', 'Cover, and cook on High for 3 to 4 hours, or on Low for 6 to 8 hours.']|
["Debdoozie's Blue Ribbon Chili"],['1 h 10 m'],['1 h'],['10 m'],|['2 pounds ground beef', '1/2 onion, chopped', '1 teaspoon ground black pepper', '1/2 teaspoon garlic salt', '2 1/2 cups tomato sauce', '1 (8 ounce) jar salsa', '4 tablespoons chili seasoning mix', '1 (15 ounce) can light red kidney beans', '1 (15 ounce) can dark red kidney beans']|,|['In a large saucepan over medium heat, combine the ground beef and the onion and saute for 10 minutes, or until meat is browned and onion is tender. Drain grease, if desired.', 'Add the ground black pepper, garlic salt, tomato sauce, salsa, chili seasoning mix and kidney beans. Mix well, reduce heat to low and simmer for at least an hour.']|
['Rempel Family Meatloaf'],['55 m'],['45 m'],['10 m'],|['1 1/2 pounds lean ground beef', '1/2 cup crushed buttery round crackers', '3/4 cup shredded Cheddar cheese', '1 (1 ounce) package dry onion soup mix', '2 eggs, beaten', '1/4 cup ketchup', '2 tablespoons steak sauce']|,|['Preheat oven to 350 degrees F (175 degrees C).', 'Stir the ground beef, crushed crackers, Cheddar cheese, and onion soup mix in a large bowl until well combined.  Whisk the eggs, ketchup, and steak sauce in a separate bowl until smooth.  Mix the eggs into the meat until evenly combined, if the mixture seems too dry, add a little water. Press into a 9x5 inch loaf pan.', 'Bake in preheated oven until the meatloaf reaches 160 degrees F (71 degrees C) and is no longer pink in the center, 45 to 60 minutes.']|
["It's Chili by George!!"],['1 h 55 m'],['1 h 45 m'],['10 m'],|['2 pounds lean ground beef', '1 (46 fluid ounce) can tomato juice', '1 (29 ounce) can tomato sauce', '1 (15 ounce) can kidney beans, drained and rinsed', '1 (15 ounce) can pinto beans, drained and rinsed', '1 1/2 cups chopped onion', '1/4 cup chopped green bell pepper', '1/8 teaspoon ground cayenne pepper', '1/2 teaspoon white sugar', '1/2 teaspoon dried oregano', '1/2 teaspoon ground black pepper', '1 teaspoon salt', '1 1/2 teaspoons ground cumin', '1/4 cup chili powder']|,|['Place ground beef in a large, deep skillet. Cook over medium-high heat until evenly brown. Drain, and crumble.', 'In a large pot over high heat combine the ground beef, tomato juice, tomato sauce, kidney beans, pinto beans, onions, bell pepper, cayenne pepper, sugar, oregano, ground black pepper, salt, cumin and chili powder. Bring to a boil, then reduce heat to low. Simmer for 1 1/2 hours. (Note: If using a slow cooker, set on low, add ingredients, and cook for 8 to 10 hours.)']|
["Shepherd's Pie VI"],['50 m'],['20 m'],['30 m'],|['4 large potatoes, peeled and cubed', '1 tablespoon butter', '1 tablespoon finely chopped onion', '1/4 cup shredded Cheddar cheese', 'salt and pepper to taste', '5 carrots, chopped', '1 tablespoon vegetable oil', '1 onion, chopped', '1 pound lean ground beef', '2 tablespoons all-purpose flour', '1 tablespoon ketchup', '3/4 cup beef broth', '1/4 cup shredded Cheddar cheese']|,|['Bring a large pot of salted water to a boil.  Add potatoes and cook until tender but still firm, about 15 minutes. Drain and mash. Mix in butter, finely chopped onion and 1/4 cup shredded cheese. Season with salt and pepper to taste; set aside.', 'Bring a large pot of salted water to a boil.  Add carrots and cook until tender but still firm, about 15 minutes. Drain, mash and set aside. Preheat oven to 375 degrees F (190 degrees C.)', 'Heat oil in a large frying pan. Add onion and cook until clear. Add ground beef and cook until well browned. Pour off excess fat, then stir in flour and cook 1 minute. Add ketchup and beef broth. Bring to a boil, reduce heat and simmer for 5 minutes.', 'Spread the ground beef in an even layer on the bottom of a 2 quart casserole dish. Next, spread a layer of mashed carrots. Top with the mashed potato mixture and sprinkle with remaining shredded cheese.', 'Bake in the preheated oven for 20 minutes, or until golden brown.']|
['Beef Stew VI'],['2 h 20 m'],['2 h'],['20 m'],|['2 pounds cubed beef stew meat', '3 tablespoons vegetable oil', '4 cubes beef bouillon, crumbled', '4 cups water', '1 teaspoon dried rosemary', '1 teaspoon dried parsley', '1/2 teaspoon ground black pepper', '3 large potatoes, peeled and cubed', '4 carrots, cut into 1 inch pieces', '4 stalks celery, cut into 1 inch pieces', '1 large onion, chopped', '2 teaspoons cornstarch', '2 teaspoons cold water']|,|['In a large pot or dutch oven, cook beef in oil over medium heat until brown. Dissolve bouillon in water and pour into pot. Stir in rosemary, parsley and pepper. Bring to a boil, then reduce heat, cover and simmer 1 hour.', 'Stir potatoes, carrots, celery, and onion into the pot. Dissolve cornstarch in 2 teaspoons cold water and stir into stew. Cover and simmer 1 hour more.']|
['Mexican Casserole'],['30 m'],['15 m'],['15 m'],|['2 tablespoons vegetable oil', '3/4 pound cubed skinless, boneless chicken breast meat', '1/2 (1.25 ounce) package taco seasoning mix', '1 (15 ounce) can black beans, rinsed and drained', '1 (8.75 ounce) can sweet corn, drained', '1/4 cup salsa', 'water as needed', '1 cup shredded Mexican-style cheese', '1 1/2 cups crushed plain tortilla chips']|,|['In a large skillet over medium high heat, saute chicken in oil until cooked through and no longer pink inside. Add taco seasoning, beans, corn, salsa and a little water to prevent drying out. Cover skillet and simmer over medium low heat for 10 minutes.', 'Preheat oven to 350 degrees F (175 degrees C).', 'Transfer chicken mixture to a 9x13 inch baking dish. Top with 1/2 cup of the cheese and crushed tortilla chips.', 'Bake in the preheated oven for 15 minutes. Add remaining 1/2 cup cheese and bake until cheese is melted and bubbly.']|
['Soba Noodle Salad with Chicken and Sesame'],['27 m'],['7 m'],['20 m'],|['Dressing:', '2 tablespoons rice vinegar', '1 tablespoon vegetable oil', '1 tablespoon sesame oil', '1 tablespoon brown sugar', '1 tablespoon soy sauce', '2 teaspoons minced fresh ginger root', '4 ounces buckwheat soba noodles', '2 teaspoons vegetable oil', '1 boneless skinless chicken breast, cut into thin bite-size strips', '1 teaspoon chopped garlic', 'salt and ground black pepper to taste', '1 rib celery, sliced (optional)', '1 carrot, sliced', '1/2 red bell pepper, chopped', '1/4 cup chopped fresh cilantro', '2 tablespoons chopped green onion', '1 tablespoon sesame seeds']|,|['Whisk rice vinegar, 1 tablespoon vegetable oil, sesame oil, brown sugar, soy sauce, and ginger together in a large bowl until dressing is combined.', 'Bring water to a boil in a large pot. Add soba noodles, stir, and return water to a boil. Boil noodles until tender, 4 to 5 minutes. Drain noodles in a colander under cold running water until cool, about 1 minute.', 'Heat 2 teaspoons vegetable oil in a skillet over medium heat. Cook chicken breast pieces until no longer pink in the center and the juices run clear, 2 to 4 minutes. Add garlic, salt, and pepper; stir until fragrant, about 1 minute more.', 'Toss soba noodles, chicken, celery, carrot, red pepper, cilantro, green onion, and sesame seeds together with dressing in large bowl.']|
['Italian Chicken Marinade'],['4 h 30 m'],['15 m'],['15 m'],|['1 (16 ounce) bottle Italian-style salad dressing', '1 teaspoon garlic powder', '1 teaspoon salt', '4 skinless, boneless chicken breast halves']|,|['In a shallow baking dish, mix the salad dressing, garlic powder, and salt. Place the chicken in the bowl, and turn to coat. Marinate in the refrigerator at least 4 hours. (For best results, marinate overnight.)', 'Preheat the grill for high heat.', 'Lightly oil grate. Discard marinade, and grill chicken 8 minutes on each side, or until juices run clear.']|
['Slow Cooker BBQ Chicken'],['6 h 35 m'],['6 h 30 m'],['5 m'],|['4 large skinless, boneless chicken breast halves', '1 cup ketchup', '2 tablespoons mustard', '2 teaspoons lemon juice', '1/4 teaspoon garlic powder', '1/2 cup maple syrup', '2 tablespoons Worcestershire sauce', '1/2 teaspoon chili powder', '1/8 teaspoon cayenne pepper', '2 dashes hot pepper sauce, or to taste (optional)', '8 sandwich rolls, split']|,|['Place the chicken breasts into the bottom of a slow cooker. In a bowl, stir together the ketchup, mustard, lemon juice, garlic powder, maple syrup, Worcestershire sauce, chili powder, cayenne pepper, and hot sauce until the mixture is well blended.', 'Pour the sauce over the chicken, set the cooker to Low, and cook for 6 hours. Shred the chicken with two forks, and cook for 30 more minutes. Serve the chicken and sauce spooned into the sandwich rolls.']|
['Korean Fried Chicken'],['4 h 25 m'],['10 m'],['15 m'],|['Marinade:', '1 pound skinless, boneless chicken thighs, quartered', '1/2 yellow onion, grated', '4 cloves garlic, minced', '1 teaspoon fine salt', '1/2 teaspoon freshly ground black pepper', 'Batter:', '3/4 cup cornstarch', '1/2 cup self-rising flour', '1 teaspoon white sugar', '1/2 teaspoon ground black pepper', '1/4 teaspoon salt', '1 cup very cold water, or as needed', 'oil, or as needed']|,|['Stir chicken, onion, garlic, fine salt, and 1/2 teaspoon black pepper together in a bowl until chicken is coated. Cover the bowl with plastic wrap and refrigerate, 4 hours to overnight.', 'Heat oil in a deep-fryer or large saucepan to 340 degrees F (171 degrees C).', 'Whisk cornstarch, flour, sugar, 1/2 teaspoon black pepper, and 1/4 teaspoon salt together in a large bowl. Gradually whisk ice water into flour in until mixture resembles a smooth pancake batter. Transfer chicken to batter and stir to coat chicken completely.', 'Working in batches, cook chicken in preheated oil for 4 minutes. Transfer cooked chicken to a cooling rack.', 'Increase oil temperature in the deep-fryer or large saucepan to 375 degrees F (190 degrees C).', 'Working in batches, cook chicken again in hot oil until golden brown and crispy on the outside, 3 to 4 minutes. Transfer to a wire rack to drain.']|
['Summer Squash Chicken Alfredo'],['1 h 15 m'],['45 m'],['30 m'],|['2 skinless, boneless chicken breast halves', '2 tablespoons garlic, minced', '1 (8 ounce) package uncooked rigatoni pasta', '6 slices bacon', '1 tablespoon vegetable oil', '1 small zucchini, sliced', '1 small yellow squash, sliced', '1 cup Alfredo sauce', '1/4 cup milk', '6 sun-dried tomatoes, softened and chopped', '3 tablespoons Parmesan cheese', '1/4 cup sliced almonds']|,|['Preheat oven to 350 degrees F (175 degrees C). Lightly grease a baking dish.', 'Place the chicken in the prepared baking dish, and coat with the garlic. Bake 25 minutes, or until chicken juices run clear. Cool and chop.', 'Bring a large pot of lightly salted water to a boil. Place the rigatoni in the pot, cook 10 minutes, until al dente, and drain.', 'Place bacon in a skillet. Cook over medium high heat until evenly brown. Drain, crumble, and set aside.', 'Heat the oil in a skillet over medium heat, and saute the zucchini and yellow squash until tender and lightly browned.', 'In a small bowl, mix the Alfredo sauce and milk. Serve chicken over the cooked pasta. Pour Alfredo sauce over the chicken. Top with zucchini and squash. Sprinkle with sun-dried tomatoes, bacon, Parmesan cheese, and almonds.']|
['Rusty Chicken Thighs'],['3 h 40 m'],['20 m'],['15 m'],|['1 clove garlic, sliced, or more to taste', '2 teaspoons Asian chile pepper sauce (such as sambal oelek), or more to taste', '1 1/2 tablespoons maple syrup', '2 tablespoons soy sauce', '2 tablespoons mayonnaise', '3 tablespoons rice vinegar', 'salt and freshly ground black pepper to taste', '2 pounds skinless, boneless chicken thighs', '1 lime, cut into 8 wedges']|,|['Mash garlic to a paste with a mortar and pestle. Mix chile pepper sauce, maple syrup, soy sauce, mayonnaise, and rice vinegar into garlic until marinade is thoroughly combined.', 'Transfer chicken thighs to a large flat container (such as a baking dish) and pour marinade over chicken; stir until chicken is coated. Cover dish with plastic wrap and refrigerate about 3 hours; if preferred, let stand about 30 minutes at room temperature. Unwrap dish and sprinkle with salt.', 'Preheat charcoal grill to high heat.', 'Place chicken thighs onto the hot grill with smooth sides down. Cook until chicken shows grill marks, about 3 minutes. Turn chicken over and cook until other side shows grill marks, about 5 minutes. Continue to cook, moving them occasionally and turning over every 2 minutes, until meat is no longer pink inside and the thighs are golden brown, 10 to 12 minutes.', 'Transfer chicken to a platter, let rest for 5 minutes, and serve garnished with lime wedges.']|
['Southern Fried Chicken'],['35 m'],['20 m'],['15 m'],|['1 (3 pound) whole chicken, cut into pieces', '1 cup all-purpose flour', 'salt to taste', 'ground black pepper to taste', '1 teaspoon paprika', '1 quart vegetable oil for frying']|,|['Season chicken pieces with salt, pepper, and paprika.  Roll in flour.', 'Add 1/2 to 3/4 inch oil to a large, heavy skillet. Heat to approximately 365 degrees F (185 degrees C).  Place chicken pieces in hot oil.  Cover, and fry until golden, turning once, 15 to 20 minutes.  Drain on paper towels.']|
['Chicken Breasts Pierre'],['1 h 10 m'],['40 m'],['30 m'],|['6 skinless, boneless chicken breast halves', '1/4 cup all-purpose flour', '1/2 teaspoon salt', '1 pinch ground black pepper', '3 tablespoons butter', '1 (14.5 ounce) can stewed tomatoes, with liquid', '1/2 cup water', '2 tablespoons brown sugar', '2 tablespoons distilled white vinegar', '2 tablespoons Worcestershire sauce', '1 teaspoon salt', '2 teaspoons chili powder', '1 teaspoon mustard powder', '1/2 teaspoon celery seed', '1 clove garlic, minced', '1/8 teaspoon hot pepper sauce']|,|['In a shallow dish or bowl, combine flour, 1/2 teaspoon salt and ground black pepper. Coat chicken breasts with flour mixture. Melt butter in a large skillet over medium heat, and brown chicken on all sides. Remove from skillet, and drain on paper towels.', 'In the same skillet, combine the tomatoes, water, brown sugar, vinegar and Worcestershire sauce. Season with salt, chili powder, mustard, celery seed, garlic and hot pepper sauce. Bring to a boil; reduce heat, and return chicken to skillet. Cover, and simmer for 35 to 40 minutes, or until chicken is tender, no longer pink and juices run clear.']|
['Chicken Pot Pie IX'],['1 h 10 m'],['50 m'],['20 m'],|['1 pound skinless, boneless chicken breast halves - cubed', '1 cup sliced carrots', '1 cup frozen green peas', '1/2 cup sliced celery', '1/3 cup butter', '1/3 cup chopped onion', '1/3 cup all-purpose flour', '1/2 teaspoon salt', '1/4 teaspoon black pepper', '1/4 teaspoon celery seed', '1 3/4 cups chicken broth', '2/3 cup milk', '2 (9 inch) unbaked pie crusts']|,|['Preheat oven to 425 degrees F (220 degrees C.)', 'In a saucepan, combine chicken, carrots, peas, and celery. Add water to cover and boil for 15 minutes. Remove from heat, drain and set aside.', 'In the saucepan over medium heat, cook onions in butter until soft and translucent. Stir in flour, salt, pepper, and celery seed. Slowly stir in chicken broth and milk. Simmer over medium-low heat until thick. Remove from heat and set aside.', 'Place the chicken mixture in bottom pie crust. Pour hot liquid mixture over. Cover with top crust, seal edges, and cut away excess dough. Make several small slits in the top to allow steam to escape.', 'Bake in the preheated oven for 30 to 35 minutes, or until pastry is golden brown and filling is bubbly. Cool for 10 minutes before serving.']|
['Slow Cooker Chicken and Dumplings'],['6 h 10 m'],['6 h'],['10 m'],|['4 skinless, boneless chicken breast halves', '2 tablespoons butter', '2 (10.75 ounce) cans condensed cream of chicken soup', '1 onion, finely diced', '2 (10 ounce) packages refrigerated biscuit dough, torn into pieces']|,|['Place the chicken, butter, soup, and onion in a slow cooker, and fill with enough water to cover.', 'Cover, and cook for 5 to 6 hours on High. About 30 minutes before serving, place the torn biscuit dough in the slow cooker. Cook until the dough is no longer raw in the center.']|
['Baked Teriyaki Chicken'],['1 h 30 m'],['1 h'],['30 m'],|['1 tablespoon cornstarch', '1 tablespoon cold water', '1/2 cup white sugar', '1/2 cup soy sauce', '1/4 cup cider vinegar', '1 clove garlic, minced', '1/2 teaspoon ground ginger', '1/4 teaspoon ground black pepper', '12 skinless chicken thighs']|,|['In a small saucepan over low heat, combine the cornstarch, cold water, sugar, soy sauce, vinegar, garlic, ginger and ground black pepper. Let simmer, stirring frequently, until sauce thickens and bubbles.', 'Preheat oven to 425 degrees F (220 degrees C).', 'Place chicken pieces in a lightly greased 9x13 inch baking dish. Brush chicken with the sauce. Turn pieces over, and brush again.', 'Bake in the preheated oven for 30 minutes. Turn pieces over, and bake for another 30 minutes, until no longer pink and juices run clear. Brush with sauce every 10 minutes during cooking.']|
['Slow Cooker Chicken Taco Soup'],['7 h 15 m'],['7 h'],['15 m'],|['1 onion, chopped', '1 (16 ounce) can chili beans', '1 (15 ounce) can black beans', '1 (15 ounce) can whole kernel corn, drained', '1 (8 ounce) can tomato sauce', '1 (12 fluid ounce) can or bottle beer', '2 (10 ounce) cans diced tomatoes with green chilies, undrained', '1 (1.25 ounce) package taco seasoning', '3 whole skinless, boneless chicken breasts', '1 (8 ounce) package shredded Cheddar cheese (optional)', 'sour cream (optional)', 'crushed tortilla chips (optional)']|,|['Place the onion, chili beans, black beans, corn, tomato sauce, beer, and diced tomatoes in a slow cooker. Add taco seasoning, and stir to blend. Lay chicken breasts on top of the mixture, pressing down slightly until just covered by the other ingredients. Set slow cooker for low heat, cover, and cook for 5 hours.', 'Remove chicken breasts from the soup, and allow to cool long enough to be handled. Stir the shredded chicken back into the soup, and continue cooking for 2 hours. Serve topped with shredded Cheddar cheese, a dollop of sour cream, and crushed tortilla chips, if desired.']|
['Chicken Cordon Bleu II'],['1 h'],['45 m'],['15 m'],|['6 skinless, boneless chicken breast halves', '6 slices Swiss cheese', '6 slices ham', '3 tablespoons all-purpose flour', '1 teaspoon paprika', '6 tablespoons butter', '1/2 cup dry white wine', '1 teaspoon chicken bouillon granules', '1 tablespoon cornstarch', '1 cup heavy whipping cream']|,|['Pound chicken breasts if they are too thick. Place a cheese and ham slice on each breast within 1/2 inch of the edges. Fold the edges of the chicken over the filling, and secure with toothpicks. Mix the flour and paprika in a small bowl, and coat the chicken pieces.', 'Heat the butter in a large skillet over medium-high heat, and cook the chicken until browned on all sides. Add the wine and bouillon. Reduce heat to low, cover, and simmer for 30 minutes, until chicken is no longer pink and juices run clear.', 'Remove the toothpicks, and transfer the breasts to a warm platter. Blend the cornstarch with the cream in a small bowl, and whisk slowly into the skillet. Cook, stirring until thickened, and pour over the chicken. Serve warm.']|
['Zesty Slow Cooker Chicken Barbecue'],['4 h 10 m'],['4 h'],['10 m'],|['6 frozen skinless, boneless chicken breast halves', '1 (12 ounce) bottle barbeque sauce', '1/2 cup Italian salad dressing', '1/4 cup brown sugar', '2 tablespoons Worcestershire sauce']|,|['Place chicken in a slow cooker. In a bowl, mix the barbecue sauce, Italian salad dressing, brown sugar, and Worcestershire sauce. Pour over the chicken.', 'Cover, and cook 3 to 4 hours on High or 6 to 8 hours on Low.']|
['Garlic Chicken'],['55 m'],['35 m'],['20 m'],|['1/4 cup olive oil', '2 cloves garlic, crushed', '1/4 cup Italian-seasoned bread crumbs', '1/4 cup grated Parmesan cheese', '4 skinless, boneless chicken breast halves']|,|['Preheat oven to 425 degrees F (220 degrees C).', 'Heat olive oil and garlic in a small saucepan over low heat until warmed, 1 to 2 minutes. Transfer garlic and oil to a shallow bowl.', 'Combine bread crumbs and Parmesan cheese in a separate shallow bowl.', 'Dip chicken breasts in the olive oil-garlic mixture using tongs; transfer to bread crumb mixture and turn to evenly coat. Transfer coated chicken to a shallow baking dish.', 'Bake in the preheated oven until no longer pink and juices run clear, 30 to 35 minutes. An instant-read thermometer inserted into the center should read at least 165 degrees F (74 degrees C).']|
['Slow-Cooker Chicken Tortilla Soup'],['8 h 30 m'],['8 h'],['30 m'],|['1 pound shredded, cooked chicken', '1 (15 ounce) can whole peeled tomatoes, mashed', '1 (10 ounce) can enchilada sauce', '1 medium onion, chopped', '1 (4 ounce) can chopped green chile peppers', '2 cloves garlic, minced', '2 cups water', '1 (14.5 ounce) can chicken broth', '1 teaspoon cumin', '1 teaspoon chili powder', '1 teaspoon salt', '1/4 teaspoon black pepper', '1 bay leaf', '1 (10 ounce) package frozen corn', '1 tablespoon chopped cilantro', '7 corn tortillas', 'vegetable oil']|,|['Place chicken, tomatoes, enchilada sauce, onion, green chiles, and garlic into a slow cooker. Pour in water and chicken broth, and season with cumin, chili powder, salt, pepper, and bay leaf. Stir in corn and cilantro. Cover, and cook on Low setting for 6 to 8 hours or on High setting for 3 to 4 hours.', 'Preheat oven to 400 degrees F (200 degrees C).', 'Lightly brush both sides of tortillas with oil. Cut tortillas into strips, then spread on a baking sheet.', 'Bake in preheated oven until crisp, about 10 to 15 minutes. To serve, sprinkle tortilla strips over soup.']|
['Chicken Marsala'],['30 m'],['20 m'],['10 m'],|['1/4 cup all-purpose flour for coating', '1/2 teaspoon salt', '1/4 teaspoon ground black pepper', '1/2 teaspoon dried oregano', '4 skinless, boneless chicken breast halves - pounded 1/4 inch thick', '4 tablespoons butter', '4 tablespoons olive oil', '1 cup sliced mushrooms', '1/2 cup Marsala wine', '1/4 cup cooking sherry']|,|['In a shallow dish or bowl, mix together the flour, salt, pepper and oregano. Coat chicken pieces in flour mixture.', 'In a large skillet, melt butter in oil over medium heat. Place chicken in the pan, and lightly brown.  Turn over chicken pieces, and add mushrooms. Pour in wine and sherry.  Cover skillet; simmer chicken 10 minutes, turning once, until no longer pink and juices run clear.']|
['Buffalo Chicken Dip'],['45 m'],['40 m'],['5 m'],|['2 (10 ounce) cans chunk chicken, drained', '2 (8 ounce) packages cream cheese, softened', '1 cup Ranch dressing', "3/4 cup pepper sauce (such as Frank's Red Hot®)", '1 1/2 cups shredded Cheddar cheese', '1 bunch celery, cleaned and cut into 4 inch pieces', '1 (8 ounce) box chicken-flavored crackers']|,|['Heat chicken and hot sauce in a skillet over medium heat, until heated through. Stir in cream cheese and ranch dressing. Cook, stirring until well blended and warm. Mix in half of the shredded cheese, and transfer the mixture to a slow cooker. Sprinkle the remaining cheese over the top, cover, and cook on Low setting until hot and bubbly. Serve with celery sticks and crackers.']|
['Salsa Chicken'],['45 m'],['40 m'],['5 m'],|['4 skinless, boneless chicken breast halves', '4 teaspoons taco seasoning mix', '1 cup salsa', '1 cup shredded Cheddar cheese', '2 tablespoons sour cream (optional)']|,|['Preheat oven to 375  degrees F (190 degrees C)', 'Place chicken breasts in a lightly greased 9x13 inch baking dish. Sprinkle taco seasoning on both sides of chicken breasts, and pour salsa over all.', 'Bake at 375 degrees F (190 degrees C) for 25 to 35 minutes, or until chicken is tender and juicy and its juices run clear.', 'Sprinkle chicken evenly with cheese, and continue baking for an additional 3 to 5 minutes, or until cheese is melted and bubbly. Top with sour cream if desired, and serve.']|
['Chicken Enchiladas II'],['45 m'],['30 m'],['15 m'],|['1 tablespoon butter', '1/2 cup chopped green onions', '1/2 teaspoon garlic powder', '1 (4 ounce) can diced green chiles', '1 (10.75 ounce) can condensed cream of mushroom soup', '1/2 cup sour cream', '1 1/2 cups cubed cooked chicken breast meat', '1 cup shredded Cheddar cheese, divided', '6 (12 inch) flour tortillas', '1/4 cup milk']|,|['Preheat oven to 350 degrees F (175 degrees C). Lightly grease a large baking dish.', 'In a medium saucepan over medium heat, melt the butter and saute the green onion until tender (about 3 to 4 minutes). Add the garlic powder, then stir in the green chiles, cream of mushroom soup and sour cream. Mix well. Reserve 3/4 of this sauce and set aside. To the remaining 1/4 of the sauce in the saucepan, add the chicken and 1/2 cup of shredded Cheddar cheese. Stir together.', 'Fill each flour tortilla with the chicken mixture and roll up. Place seam side down in the prepared baking dish.', 'In a small bowl combine the reserved 3/4 of the sauce with the milk. Spoon this mixture over the rolled tortillas and top with the remaining 1/2 cup of shredded Cheddar cheese. Bake in the preheated oven for 30 to 35 minutes, or until cheese is bubbly.']|
['Roast Sticky Chicken-Rotisserie Style'],['9 h 10 m'],['5 h'],['10 m'],|['4 teaspoons salt', '2 teaspoons paprika', '1 teaspoon onion powder', '1 teaspoon dried thyme', '1 teaspoon white pepper', '1/2 teaspoon cayenne pepper', '1/2 teaspoon black pepper', '1/2 teaspoon garlic powder', '2 onions, quartered', '2 (4 pound) whole chickens']|,|['In a small bowl, mix together salt, paprika, onion powder, thyme, white pepper, black pepper, cayenne pepper, and garlic powder. Remove and discard giblets from chicken. Rinse chicken cavity, and pat dry with paper towel. Rub each chicken inside and out with spice mixture. Place 1 onion into the cavity of each chicken. Place chickens in a resealable bag or double wrap with plastic wrap. Refrigerate overnight, or at least 4 to 6 hours.', 'Preheat oven to 250 degrees F (120 degrees C).', 'Place chickens in a roasting pan. Bake uncovered for 5 hours, to a minimum internal temperature of 180 degrees F (85 degrees C). Let the chickens stand for 10 minutes before carving.']|
['Braised Balsamic Chicken'],['35 m'],['25 m'],['10 m'],|['6 skinless, boneless chicken breast halves', '1 teaspoon garlic salt', 'ground black pepper to taste', '2 tablespoons olive oil', '1 onion, thinly sliced', '1 (14.5 ounce) can diced tomatoes', '1/2 cup balsamic vinegar', '1 teaspoon dried basil', '1 teaspoon dried oregano', '1 teaspoon dried rosemary', '1/2 teaspoon dried thyme']|,|['Season both sides of chicken breasts with garlic salt and pepper.', 'Heat olive oil in a skillet over medium heat; cook seasoned chicken breasts until chicken is browned, 3 to 4 minutes per side. Add onion; cook and stir until onion is browned, 3 to 4 minutes.', 'Pour diced tomatoes and balsamic vinegar over chicken; season with basil, oregano, rosemary and thyme. Simmer until chicken is no longer pink and the juices run clear, about 15 minutes. An instant-read thermometer inserted into the center should read at least 165 degrees F (74 degrees C).']|
['Rosemary Ranch Chicken Kabobs'],['1 h'],['10 m'],['50 m'],|['1/2 cup olive oil', '1/2 cup ranch dressing', '3 tablespoons Worcestershire sauce', '1 tablespoon minced fresh rosemary', '2 teaspoons salt', '1 teaspoon lemon juice', '1 teaspoon white vinegar', '1/4 teaspoon ground black pepper, or to taste', '1 tablespoon white sugar, or to taste (optional)', '5 skinless, boneless chicken breast halves - cut into 1 inch cubes']|,|['In a medium bowl, stir together the olive oil, ranch dressing, Worcestershire sauce, rosemary, salt, lemon juice, white vinegar, pepper, and sugar.  Let stand for 5 minutes.  Place chicken in the bowl, and stir to coat with the marinade.  Cover and refrigerate for 30 minutes.', 'Preheat the grill for medium-high heat.  Thread chicken onto skewers and discard marinade.', 'Lightly oil the grill grate.  Grill skewers for 8 to 12 minutes, or until the chicken is no longer pink in the center, and the juices run clear.']|
|['Sweet, Sticky and Spicy Chicken']|,['22 m'],['12 m'],['10 m'],|['1 tablespoon brown sugar', '2 tablespoons honey', '1/4 cup soy sauce', '2 teaspoons chopped fresh ginger root', '2 teaspoons chopped garlic', '2 tablespoons hot sauce', 'salt and pepper to taste', '4 skinless, boneless chicken breast halves - cut into 1/2 inch strips', '1 tablespoon vegetable oil']|,|['Mix together brown sugar, honey, soy sauce, ginger, garlic and hot sauce in a small bowl.', 'Lightly salt and pepper the chicken strips.', 'Heat oil in a large skillet over medium heat. Add chicken strips and brown on both sides, about 1 minute per side. Pour the sauce over the chicken. Simmer uncovered until the sauce thickens, 8 to 10 minutes.']|
['Slow Cooker Chicken Stroganoff'],['5 h 10 m'],['5 h'],['10 m'],|['4 skinless, boneless chicken breast halves - cubed', '1/8 cup margarine', '1 (.7 ounce) package dry Italian-style salad dressing mix', '1 (8 ounce) package cream cheese', '1 (10.75 ounce) can condensed cream of chicken soup']|,|['Put chicken, margarine and dressing mix in slow cooker; mix together and cook on low for 5 to 6 hours.', 'Add cream cheese and soup, mix together and cook on high for another 1/2 hour or until heated through and warm.']|
['Angel Chicken Pasta'],['1 h 30 m'],['1 h'],['30 m'],|['6 skinless, boneless chicken breast halves', '1/4 cup butter', '1 (.7 ounce) package dry Italian-style salad dressing mix', '1/2 cup white wine', '1 (10.75 ounce) can condensed golden mushroom soup', '4 ounces cream cheese with chives', '1 pound angel hair pasta']|,|['Preheat oven to 325 degrees F (165 degrees C).', 'In a large saucepan, melt butter over low heat. Stir in the package of dressing mix. Blend in wine and golden mushroom soup. Mix in cream cheese, and stir until smooth. Heat through, but do not boil.  Arrange chicken breasts in a single layer in a 9x13 inch baking dish. Pour sauce over.', 'Bake for 60 minutes in the preheated oven. Twenty minutes before the chicken is done, bring a large pot of lightly salted water to a rolling boil. Cook pasta until al dente, about 5 minutes. Drain. Serve chicken and sauce over pasta.']|
['Curried Coconut Chicken'],['1 h 10 m'],['50 m'],['20 m'],|['2 pounds boneless skinless chicken breasts, cut into 1/2-inch chunks', '1 teaspoon salt and pepper, or to taste', '1 1/2 tablespoons vegetable oil', '2 tablespoons curry powder', '1/2 onion, thinly sliced', '2 cloves garlic, crushed', '1 (14 ounce) can coconut milk', '1 (14.5 ounce) can stewed, diced tomatoes', '1 (8 ounce) can tomato sauce', '3 tablespoons sugar']|,|['Season chicken pieces with salt and pepper.', 'Heat oil and curry powder in a large skillet over medium-high heat for two minutes. Stir in onions and garlic, and cook 1 minute more. Add chicken, tossing lightly to coat with curry oil. Reduce heat to medium, and cook for 7 to 10 minutes, or until chicken is no longer pink in center and juices run clear.', 'Pour coconut milk, tomatoes, tomato sauce, and sugar into the pan, and stir to combine. Cover and simmer, stirring occasionally, approximately 30 to 40 minutes.']|
['Restaurant-Style Buffalo Chicken Wings'],['2 h'],['15 m'],['15 m'],|['1/2 cup all-purpose flour', '1/4 teaspoon paprika', '1/4 teaspoon cayenne pepper', '1/4 teaspoon salt', '10 chicken wings', 'oil for deep frying', '1/4 cup butter', '1/4 cup hot sauce', '1 dash ground black pepper', '1 dash garlic powder']|,|['In a small bowl mix together the flour, paprika, cayenne pepper and salt. Place chicken wings in a large nonporous glass dish or bowl and sprinkle flour mixture over them until they are evenly coated. Cover dish or bowl and refrigerate for 60 to 90 minutes.', 'Heat oil in a deep fryer to 375 degrees F (190 degrees C). The oil should be just enough to cover wings entirely, an inch or so deep. Combine the butter, hot sauce, pepper and garlic powder in a small saucepan over low heat. Stir together and heat until butter is melted and mixture is well blended. Remove from heat and reserve for serving.', 'Fry coated wings in hot oil for 10 to 15 minutes, or until parts of wings begin to turn brown. Remove from heat, place wings in serving bowl, add hot sauce mixture and stir together. Serve.']|
['Apple Butter Pork Loin'],['3 h 15 m'],['3 h'],['15 m'],|['2 (2 pound) boneless pork loin roast', 'seasoning salt to taste', '2 cups apple juice', '1/2 cup apple butter', '1/4 cup brown sugar', '2 tablespoons water', '1/4 teaspoon ground cinnamon', '1/4 teaspoon ground cloves']|,|['Preheat the oven to 350 degrees F (175 degrees C).', 'Season the pork loins with seasoning salt, and place them in a 9x13 inch baking dish or small roasting pan. Pour apple juice over the pork, and cover the dish with a lid or aluminum foil.', 'Bake for 1 hour in the preheated oven. While the pork is roasting, mix together the apple butter, brown sugar, water, cinnamon, and cloves. Remove pork roasts from the oven, and spread with apple butter mixture.', 'Cover, and return to the oven for 2 hours, or until fork-tender.']|
['Pork Carnitas'],['3 h 45 m'],['3 h 30 m'],['15 m'],|['1/4 cup vegetable oil', '4 pounds pork shoulder, cut into several large pieces', '3 tablespoons kosher salt', '1 onion, chopped', '1 clove garlic, crushed', '3 tablespoons lime juice', '1 tablespoon chili powder', '1/2 teaspoon dried oregano', '1/2 teaspoon ground cumin', '4 (14.5 ounce) cans chicken broth']|,|['Preheat an oven to 400 degrees F (200 degrees C).', 'Heat the vegetable oil in a large Dutch oven over high heat. Season the pork shoulder with salt, then arrange the pork in the Dutch oven. Cook until browned on all sides, about 10 minutes. Add the onion, garlic, lime juice, chili powder, oregano, and cumin. Pour in the chicken broth, and bring to a boil. Reduce heat to medium-low, cover, and continue to simmer until pork is very tender, about 2 1/2 hours.', 'Transfer the pork shoulder to a large baking sheet, reserving the cooking liquid. Drizzle with a small amount of the reserved cooking liquid and lightly season with salt.', 'Bake the pork in the preheated oven until browned, about 30 minutes. Drizzle more of the cooking liquid on the meat every 10 minutes, and use two forks to shred the meat as it browns.']|
["Chef John's Baby Porchetta"],['1 h 50 m'],['25 m'],['15 m'],|['Spice Rub:', '1/2 teaspoon whole fennel seeds', '3 cloves garlic, sliced', '1 tablespoon finely sliced sage leaves', '2 teaspoons freshly ground black pepper', '2 teaspoons chopped rosemary', '1 teaspoon kosher salt, or more to taste', '1 teaspoon red pepper flakes', '1 lemon, zested', '1 tablespoon olive oil', '1 (1 1/2 pound) boneless pork tenderloin', '8 strips bacon']|,|['Crush fennel seeds in mortar with a pestle for 1 minute. Add garlic, sage, pepper, rosemary, salt, red pepper flakes, and lemon zest; pound into a thick paste, 2 or 3 minutes. Add olive oil and pound until rub is evenly incorporated.', 'Cut a slit 3/4 of the way through the center of the tenderloin, leaving 1 inch on each end uncut. Spread 1 tablespoon of the rub inside the slit; close up roast. Spread the remaining rub evenly over the roast. Wrap bacon strips around the roast, trying to keep seams on the bottom.', 'Wrap roast in plastic wrap and refrigerate for 1 hour.', 'Preheat oven to 450 degrees F (230 degrees C). Line a rimmed baking sheet with aluminum foil; place roast in the center.', 'Roast in the preheated oven until an instant-read thermometer inserted into the center registers 134 degrees F (57 degrees C), about 25 minutes. Let roast rest for 10 minutes and internal temperature rise to 140 to 145 degrees F (60 to 63 degrees C).']|
['Pork Chops Italiano'],['1 h 25 m'],['1 h 10 m'],['15 m'],|['1 teaspoon olive oil', '2 cups sliced mushrooms', '2 tablespoons olive oil', '6 (3/4 inch thick) pork loin chops', '2 cloves garlic, crushed', '1 cup chopped onion', '1 (14.5 ounce) can diced Italian tomatoes, undrained', '1 teaspoon dried basil', '1/2 teaspoon dried oregano', '1/2 teaspoon salt', '1/4 teaspoon ground black pepper', '1/2 cup water, if necessary', '1 large green bell pepper, cut in 6 pieces']|,|['Heat 1 teaspoon olive oil in a skillet over medium heat. Stir in mushrooms; cook and stir until mushrooms are tender, 5 to 7 minutes. Transfer the mushrooms to a bowl and set aside.', 'Heat the remaining 2 tablespoons olive oil in the skillet over medium heat. Add the pork chops, browning on both sides, 7 to 10 minutes. Place the pork chops on a plate, then drain all but 1 tablespoon of drippings from the skillet. Stir in the garlic and onion; cook and stir until the onion has softened and turned translucent, about 5 minutes.', 'Pour in the tomatoes, then season with basil, oregano, salt, and pepper. Transfer the pork chops back to the skillet; cover and simmer until the pork chops are tender and no longer pink in the center, about 45 minutes. Stir in some water if the mixture becomes too dry. Place the bell pepper on top of the pork, then add the reserved mushrooms. Continue to simmer until the bell pepper is tender, 5 to 10 minutes.']|
['Portuguese Pork with Red Peppers'],['3 h'],['25 m'],['35 m'],|['4 large cloves garlic, peeled', '1 1/2 teaspoons coarse salt', '2 tablespoons olive oil', '1 tablespoon whole black peppercorns', '2 pounds pork tenderloin, cut into 1 inch medallions', '2 red bell peppers, julienned', '1 cup white wine', '2 lemons']|,|['With a large mortar and pestle, mash the garlic, coarse salt, 1 tablespoon olive oil, and peppercorns into a fine paste. Transfer to a large bowl.', 'With a mallet, flatten the pork medallions to 1/4 inch thick. Place in the bowl with the garlic mixture, tossing to coat. Cover, and marinate 2 to 4 hours in the refrigerator.', 'Heat the remaining oil in a large skillet over high heat. Stir in the pork and remaining garlic mixture. Quickly brown pork about 1 minute on each side. Remove from heat, and set aside.', 'Place red peppers into the skillet, and saute 2 to 5 minutes, until tender but firm. Pour white wine into the skillet, and scrape up the browned bits. Reduce heat to low, return pork to skillet, and continue cooking 10 to 15 minutes, to an internal temperature of 180 degrees F (80 degrees C).', 'Slice 1 1/2 lemons into thin rounds. Transfer the pork and pepper mixture to a serving platter. Squeeze juice of remaining 1/2 lemon over the pork and peppers, and garnish with the lemon rounds.']|
['Sweet and Sour Pork III'],['2 h'],['30 m'],['30 m'],|['1 pound pork butt, cut into 1 inch cubes', '1 teaspoon salt', '1/4 teaspoon white sugar', '1 teaspoon soy sauce', '1 egg white', '2 green onions, chopped', '1 quart vegetable oil for frying', '1/2 cup cornstarch', '1 tablespoon vegetable oil', '3 stalks celery, cut into 1/2 inch pieces', '1 medium green bell pepper, cut into 1 inch pieces', '1 medium onion, cut into wedges', 'white sugar to taste', 'salt to taste', '1 cup water', '1/4 teaspoon salt', '3/4 cup white sugar', '1/3 cup apple cider vinegar', '1/4 cup ketchup', '1/2 teaspoon soy sauce', '1 (8 ounce) can pineapple chunks, undrained', '2 tablespoons cornstarch', '1/4 cup water']|,|['Place cubed pork in a medium bowl, and season with 1 teaspoon salt, 1/4 teaspoon sugar, and 1 teaspoon soy sauce. Mix in the egg white and green onions. Cover, and place in the refrigerator at least 1 hour.', 'Heat 1 quart oil to 365 degrees F (185 degrees C) in a large, heavy saucepan or deep fryer.', 'Coat the pork with 1/2 cup cornstarch, and fry in the heated oil about 10 minutes, until evenly browned. Drain on paper towels.', 'Heat 1 tablespoon oil in a wok over medium heat. Stir in the celery, green bell pepper, and onion, and cook until tender. Season with salt and sugar. Remove from heat, and set aside.', 'In a large saucepan, mix 1 cup water, 1/4 teaspoon salt, 3/4 cup sugar, apple cider vinegar, ketchup, and 1/2 teaspoon soy sauce. Bring to a boil, and stir in the cooked pork, celery mixture, and the pineapple chunks with juice. Return to boil, and mix in 2 tablespoons cornstarch and 1/4 cup water to thicken. Cook until well blended.']|
['Amazing Ribs'],['5 h 10 m'],['4 h 40 m'],['30 m'],|['6 pounds pork baby back ribs', '1 pinch black pepper', '1 pinch salt', '1 pinch crushed red pepper', '4 cups barbecue sauce', '2 (12 ounce) bottles porter beer, room temperature']|,|['Cut ribs into small portions of 2 or 3 bones each. Bring a large pot of water to a boil. Season water a pinch each of salt, black pepper, and crushed red pepper to the water. Boil ribs in seasoned water for 20 minutes. Drain, and let the ribs sit for about a half an hour.', 'Meanwhile, preheat an outdoor grill for high heat.', 'Lightly coat the ribs with barbecue sauce. Cook the ribs over high heat for a 5 to 10 minutes on each side to get a nice grilled look to them.', 'Place grilled ribs in a slow cooker. Pour remaining barbecue sauce and one bottle of beer over the ribs; this should cover at least half of the ribs. Cover, and cook on High for 3 hours. Check ribs every hour or so, and add more beer if needed to dilute sauce. Stir to get the ribs on top into the sauce. The ribs are done when the meat is falling off the bone. The ribs were cooked completely in the first process, the rest is about flavor and texture.']|
["Chef John's Pulled Pork BBQ"],['12 h 15 m'],['12 h'],['15 m'],|['3 tablespoons dry barbeque rub, or more as needed', '1 (3 1/2) pound bone-in pork shoulder blade roast', '1/2 teaspoon liquid smoke flavoring, divided', '1 cup water, divided', '3/4 cup barbeque sauce, or as needed', 'salt and freshly ground black pepper to taste', '12 soft white hamburger buns', '3/4 cup barbeque sauce, divided']|,|['Preheat oven to 210 degrees F (100 degrees C).', 'Sprinkle dry rub generously on all sides of pork roast and place meat into a heavy pan or Dutch oven.', 'Pour 1/4 teaspoon of liquid smoke flavoring into each of two 6-ounce ramekins; fill ramekins with 1/2 cup water each. Place ramekins into the Dutch oven on either side of the roast. Place lid onto Dutch oven.', 'Roast pork in the preheated oven until very tender, 12 hours. Remove roast from Dutch oven, place onto a work surface (such as a cutting board), and separate the meat from the bone using your fingers. Discard any large pieces of fat.', 'Roughly chop pork with a large knife or cleaver; drizzle with 3/4 cup barbeque sauce. Season with salt and black pepper.', 'Spread about 1 tablespoon barbeque sauce onto each bun and pile pork on buns to serve.']|
['Pork Tenderloin alla Napoli'],['55 m'],['40 m'],['15 m'],|['1 tablespoon olive oil', '2 (3/4 pound) pork tenderloins', '2 Roma (plum) tomatoes, seeded and chopped', '1/4 cup chopped green olives', '1/4 cup dry white wine', '1 teaspoon chopped fresh rosemary', '2 cloves garlic, minced', '1/2 teaspoon salt', '1/4 teaspoon pepper', '1/2 cup heavy cream']|,|['Preheat oven to 400 degrees F (200 degrees C). Heat the oil in a cast iron skillet over medium-high heat. Brown pork on all sides in the skillet.', 'Mix the tomatoes, olives, wine, rosemary and garlic in a bowl. Pour over the pork. Season with salt and pepper.', 'Place skillet with pork in the preheated oven, and bake 30 minutes, to a minimum internal temperature of 145 degrees F (63 degrees C).', 'Remove pork from skillet, leaving remaining tomato mixture and juices. Place skillet over medium heat, and gradually mix in the cream. Stirring constantly, bring to a boil. Reduce heat to low, and continue cooking 5 minutes, until thickened. Slice pork, and drizzle with the cream sauce to serve.']|
['Delicious Ham and Potato Soup'],['45 m'],['25 m'],['20 m'],|['3 1/2 cups peeled and diced potatoes', '1/3 cup diced celery', '1/3 cup finely chopped onion', '3/4 cup diced cooked ham', '3 1/4 cups water', '2 tablespoons chicken bouillon granules', '1/2 teaspoon salt, or to taste', '1 teaspoon ground white or black pepper, or to taste', '5 tablespoons butter', '5 tablespoons all-purpose flour', '2 cups milk']|,|['Combine the potatoes, celery, onion, ham and water in a stockpot. Bring to a boil, then cook over medium heat until potatoes are tender, about 10 to 15 minutes. Stir in the chicken bouillon, salt and pepper.', 'In a separate saucepan, melt butter over medium-low heat. Whisk in flour with a fork, and cook, stirring constantly until thick, about 1 minute. Slowly stir in milk as not to allow lumps to form until all of the milk has been added. Continue stirring over medium-low heat until thick, 4 to 5 minutes.', 'Stir the milk mixture into the stockpot, and cook soup until heated through. Serve immediately.']|
['Baked Pork Chops I'],['2 h'],['1 h 30 m'],['30 m'],|['6 pork chops', '1 teaspoon garlic powder', '1 teaspoon seasoning salt', '2 egg, beaten', '1/4 cup all-purpose flour', '2 cups Italian-style seasoned bread crumbs', '4 tablespoons olive oil', '1 (10.75 ounce) can condensed cream of mushroom soup', '1/2 cup milk', '1/3 cup white wine']|,|['Preheat oven to 350 degrees F (175 degrees C).', 'Rinse pork chops, pat dry, and season with garlic powder and seasoning salt to taste. Place the beaten eggs in a small bowl. Dredge the pork chops lightly in flour, dip in the egg, and coat liberally with bread crumbs.', 'Heat the oil in a medium skillet over medium-high heat. Fry the pork chops 5 minutes per side, or until the breading appears well browned. Transfer the chops to a 9x13 inch baking dish, and cover with foil.', 'Bake in the preheated oven for 1 hour. While baking, combine the cream of mushroom soup, milk and white wine in a medium bowl. After the pork chops have baked for an hour, cover them with the soup mixture. Replace foil, and bake for another 30 minutes.']|
['Slow Cooker Pulled Pork'],['7 h 10 m'],['7 h'],['10 m'],|['1 (2 pound) pork tenderloin', '1 (12 fluid ounce) can or bottle root beer', '1 (18 ounce) bottle your favorite barbecue sauce', '8 hamburger buns, split and lightly toasted']|,|['Place the pork tenderloin in a slow cooker; pour the root beer over the meat. Cover and cook on low until well cooked and the pork shreds easily, 6 to 7 hours. Note: the actual length of time may vary according to individual slow cooker. Drain well. Stir in barbecue sauce. Serve over hamburger buns.']|
['BBQ Pork for Sandwiches'],['4 h 45 m'],['4 h 30 m'],['15 m'],|['1 (14 ounce) can beef broth', '3 pounds boneless pork ribs', '1 (18 ounce) bottle barbeque sauce']|,|["Pour can of beef broth into slow cooker, and add boneless pork ribs. Cook on High heat for 4 hours, or until meat shreds easily. Remove meat, and shred with two forks. It will seem that it's not working right away, but it will.", 'Preheat oven to 350 degrees F (175 degrees C). Transfer the shredded pork to a Dutch oven or iron skillet, and stir in barbeque sauce.', 'Bake in the preheated oven for 30 minutes, or until heated through.']|
|['Bow Ties with Sausage, Tomatoes and Cream']|,['45 m'],['30 m'],['15 m'],|['1 (12 ounce) package bow tie pasta', '2 tablespoons olive oil', '1 pound sweet Italian sausage, casings removed and crumbled', '1/2 teaspoon red pepper flakes', '1/2 cup diced onion', '3 cloves garlic, minced', '1 (28 ounce) can Italian-style plum tomatoes, drained and coarsely chopped', '1 1/2 cups heavy cream', '1/2 teaspoon salt', '3 tablespoons minced fresh parsley']|,|['Bring a large pot of lightly salted water to a boil. Cook pasta in boiling water for 8 to 10 minutes, or until al dente; drain.', 'Heat oil in a large, deep skillet over medium heat. Cook sausage and pepper flakes until sausage is evenly brown. Stir in onion and garlic, and cook until onion is tender. Stir in tomatoes, cream, and salt. Simmer until mixture thickens, 8 to 10 minutes.', 'Stir cooked pasta into sauce, and heat through. Sprinkle with parsley.']|
['Amazing Pork Tenderloin in the Slow Cooker'],['4 h 15 m'],['4 h'],['15 m'],|['1 (2 pound) pork tenderloin', '1 (1 ounce) envelope dry onion soup mix', '1 cup water', '3/4 cup red wine', '3 tablespoons minced garlic', '3 tablespoons soy sauce', 'freshly ground black pepper to taste']|,|['Place pork tenderloin in a slow cooker with the contents of the soup packet. Pour water, wine, and soy sauce over the top, turning the pork to coat. Carefully spread garlic over the pork, leaving as much on top of the roast during cooking as possible. Sprinkle with pepper, cover, and cook on low setting for 4 hours. Serve with cooking liquid on the side as au jus.']|
['Italian Sausage Soup'],['50 m'],['40 m'],['10 m'],|['1 pound Italian sausage', '1 clove garlic, minced', '2 (14 ounce) cans beef broth', '1 (14.5 ounce) can Italian-style stewed tomatoes', '1 cup sliced carrots', '1 (14.5 ounce) can great Northern beans, undrained', '2 small zucchini, cubed', '2 cups spinach - packed, rinsed and torn', '1/4 teaspoon ground black pepper', '1/4 teaspoon salt']|,|['In a stockpot or Dutch oven, brown sausage with garlic.  Stir in  broth, tomatoes and carrots, and season with salt and pepper. Reduce heat, cover, and simmer 15 minutes.', 'Stir in beans with liquid and zucchini. Cover, and simmer another 15 minutes, or until zucchini is tender.', 'Remove from heat, and add spinach.  Replace lid allowing the heat from the soup to cook the spinach leaves.  Soup is ready to serve after 5 minutes.']|
['Aussie Chicken'],['1 h 20 m'],['25 m'],['25 m'],|['4 skinless, boneless chicken breast halves - pounded to 1/2 inch thickness', '2 teaspoons seasoning salt', '6 slices bacon, cut in half', '1/2 cup prepared yellow mustard', '1/2 cup honey', '1/4 cup light corn syrup', '1/4 cup mayonnaise', '1 tablespoon dried onion flakes', '1 tablespoon vegetable oil', '1 cup sliced fresh mushrooms', '2 cups shredded Colby-Monterey Jack cheese', '2 tablespoons chopped fresh parsley']|,|['Rub the chicken breasts with the seasoning salt, cover and refrigerate for 30 minutes.', 'Preheat oven to 350 degrees F (175 degrees C). Place bacon in a large, deep skillet. Cook over medium high heat until crisp. Set aside.', 'In a medium bowl, combine the mustard, honey, corn syrup, mayonnaise and dried onion flakes. Remove half of sauce, cover and refrigerate to serve later.', 'Heat oil in a large skillet over medium heat. Place the breasts in the skillet and saute for 3 to 5 minutes per side, or until browned. Remove from skillet and place the breasts into a 9x13 inch baking dish. Apply the honey mustard sauce to each breast, then layer each breast with mushrooms and bacon. Sprinkle top with shredded cheese.', 'Bake in preheated oven for 15 minutes, or until cheese is melted and chicken juices run clear. Garnish with parsley and serve with the reserved honey mustard sauce.']|
['Marinated Baked Pork Chops'],['1 h 15 m'],['1 h'],['15 m'],|['1 tablespoon soy sauce', '2 tablespoons vegetable oil', '1 tablespoon Worcestershire sauce', '1 teaspoon lemon juice', '2 tablespoons brown sugar', '2 tablespoons ketchup', '6 pork chops, trimmed']|,|['Preheat oven to 350 degrees F (175 degrees C).', 'In a small bowl, thoroughly blend soy sauce, vegetable oil, Worcestershire sauce, lemon juice, brown sugar, and ketchup.', 'Place pork chops in a medium baking dish, and spread with 1/2 the sauce.', 'Bake pork chops 30 minutes in the preheated oven. Turn, and spread with remaining sauce. Continue baking 30 minutes, or until internal temperature of the chops has reached 145 degrees F (63 degrees C).']|
['Brown Sugar Smokies'],['30 m'],['20 m'],['10 m'],|['1 pound bacon', '1 (16 ounce) package little smokie sausages', '1 cup brown sugar, or to taste']|,|['Preheat oven to 350 degrees F (175 degrees C).', 'Cut bacon into thirds and wrap each strip around a little sausage. Place the wrapped sausages on wooden skewers, several to a skewer. Arrange the skewers on a baking sheet and sprinkle them liberally with brown sugar.', 'Bake until bacon is crisp and the brown sugar melted.']|
['Super-Delicious Zuppa Toscana'],['1 h 25 m'],['1 h'],['25 m'],|['1 pound bulk mild Italian sausage', '1 1/4 teaspoons crushed red pepper flakes', '4 slices bacon, cut into 1/2 inch pieces', '1 large onion, diced', '1 tablespoon minced garlic', '5 (13.75 ounce) cans chicken broth', '6 potatoes, thinly sliced', '1 cup heavy cream', '1/4 bunch fresh spinach, tough stems removed']|,|['Cook the Italian sausage and red pepper flakes in a Dutch oven over medium-high heat until crumbly, browned, and no longer pink, 10 to 15 minutes. Drain and set aside.', 'Cook the bacon in the same Dutch oven over medium heat until crisp, about 10 minutes. Drain, leaving a few tablespoons of drippings with the bacon in the bottom of the Dutch oven. Stir in the onions and garlic; cook until onions are soft and translucent, about 5 minutes.', 'Pour the chicken broth into the Dutch oven with the bacon and onion mixture; bring to a boil over high heat. Add the potatoes, and boil until fork tender, about 20 minutes. Reduce the heat to medium and stir in the heavy cream and the cooked sausage; heat through. Mix the spinach into the soup just before serving.']|
['Cheesy Ham and Hash Brown Casserole'],['1 h 15 m'],['1 h'],['15 m'],|['1 (32 ounce) package frozen hash brown potatoes', '8 ounces cooked, diced ham', '2 (10.75 ounce) cans condensed cream of potato soup', '1 (16 ounce) container sour cream', '2 cups shredded sharp Cheddar cheese', '1 1/2 cups grated Parmesan cheese']|,|['Preheat oven to 375 degrees F (190 degrees C). Lightly grease a 9x13 inch baking dish.', 'In a large bowl, mix hash browns, ham, cream of potato soup, sour cream, and Cheddar cheese. Spread evenly into prepared dish. Sprinkle with Parmesan cheese.', 'Bake 1 hour in the preheated oven, or until bubbly and lightly brown. Serve immediately.']|
['Caramel Apple Pork Chops'],['45 m'],['25 m'],['20 m'],|['4 (3/4 inch) thick pork chops', '1 teaspoon vegetable oil', '2 tablespoons brown sugar', 'salt and pepper to taste', '1/8 teaspoon ground cinnamon', '1/8 teaspoon ground nutmeg', '2 tablespoons unsalted butter', '2 tart apples - peeled, cored and sliced', '3 tablespoons pecans (optional)']|,|['Preheat oven to 175 degrees F (80 degrees C). Place a medium dish in the oven to warm.', 'Heat a large skillet over medium-high heat. Brush chops lightly with oil and place in hot pan. Cook for 5 to 6 minutes, turning occasionally, or until done. Transfer to the warm dish, and keep warm in the preheated oven.', 'In a small bowl, combine brown sugar, salt and pepper, cinnamon and nutmeg. Add butter to skillet, and stir in brown sugar mixture and apples. Cover and cook until apples are just tender. Remove apples with a slotted spoon and arrange on top of chops. Keep warm in the preheated oven.', 'Continue cooking sauce uncovered in skillet, until thickened slightly. Spoon sauce over apples and chops. Sprinkle with pecans.']|
['Italian Sausage Soup with Tortellini'],['1 h 35 m'],['1 h 15 m'],['20 m'],|['1 pound sweet Italian sausage, casings removed', '1 cup chopped onion', '2 cloves garlic, minced', '5 cups beef broth', '1/2 cup water', '1/2 cup red wine', '4 large tomatoes - peeled, seeded and chopped', '1 cup thinly sliced carrots', '1/2 tablespoon packed fresh basil leaves', '1/2 teaspoon dried oregano', '1 (8 ounce) can tomato sauce', '1 1/2 cups sliced zucchini', '8 ounces fresh tortellini pasta', '3 tablespoons chopped fresh parsley']|,|['In a 5 quart Dutch oven, brown sausage. Remove sausage and drain, reserving 1 tablespoon of the drippings.', 'Saute onions and garlic in drippings. Stir in beef broth, water, wine, tomatoes, carrots, basil, oregano, tomato sauce, and sausage. Bring to a boil. Reduce heat; simmer uncovered for 30 minutes.', 'Skim fat from the soup. Stir in zucchini and parsley. Simmer covered for 30 minutes. Add tortellini during the last 10 minutes. Sprinkle with Parmesan cheese on top of each serving.']|
['Absolutely Ultimate Potato Soup'],['50 m'],['30 m'],['20 m'],|['1 pound bacon, chopped', '2 stalks celery, diced', '1 onion, chopped', '3 cloves garlic, minced', '8 potatoes, peeled and cubed', '4 cups chicken stock, or enough to cover potatoes', '3 tablespoons butter', '1/4 cup all-purpose flour', '1 cup heavy cream', '1 teaspoon dried tarragon', '3 teaspoons chopped fresh cilantro', 'salt and pepper to taste']|,|['In a Dutch oven, cook the bacon over medium heat until done. Remove bacon from pan, and set aside. Drain off all but 1/4 cup of the bacon grease.', 'Cook celery and onion in reserved bacon drippings until onion is translucent, about 5 minutes. Stir in garlic, and continue cooking for 1 to 2 minutes. Add cubed potatoes, and toss to coat. Saute for 3 to 4 minutes. Return bacon to the pan, and add enough chicken stock to just cover the potatoes. Cover, and simmer until potatoes are tender.', 'In a separate pan, melt butter over medium heat. Whisk in flour. Cook, stirring constantly, for 1 to 2 minutes. Whisk in the heavy cream, tarragon, and cilantro. Bring the cream mixture to a boil, and cook, stirring constantly, until thickened. Stir the cream mixture into the potato mixture. Puree about 1/2 the soup, and return to the pan. Adjust seasonings to taste.']|
